{"cameraMode":{"drawMode":0,"name":"Shaded","section":"Shading Mode"},"sceneLighting":true,"audioPlay":false,"sceneViewState":{"showFog":true,"showMaterialUpdate":false,"showSkybox":true,"showFlares":true,"showImageEffects":true,"showParticleSystems":true,"showVisualEffectGraphs":true,"m_FxEnabled":true},"in2DMode":false,"pivot":{"x":0.015218734741210938,"y":0.14687484502792359,"z":-0.7372251749038696},"rotation":{"x":0.17780046164989472,"y":0.025086460635066034,"z":-0.0045337555930018429,"w":0.9837387204170227},"size":1.770358920097351,"orthographic":false}